{
  "title": "Ижевск",
  "version": "1.0",
  "osmid": 954515,
  "center": [ 56.852676, 53.206900 ],
  "markers": {
    "IndustrialD01": [ 5, 56.900776, 53.245694 ],
    "IndustrialD02": [ 5, 56.901122, 53.255814 ],
    "IndustrialD03": [ 5, 56.899651, 53.260750 ],
    "IndustrialD04": [ 5, 56.897045, 53.256830 ],
    "IndustrialD05": [ 5, 56.891737, 53.259928 ],
    "IndustrialD06": [ 5, 56.891928, 53.243347 ],
    "IndustrialD07": [ 5, 56.891928, 53.243347 ],
    "IndustrialD08": [ 5, 56.8472461, 53.2200154 ],
    "IndustrialD09": [ 5, 56.8465932, 53.2147720 ],
    "IndustrialD10": [ 5, 56.8502139, 53.2100899 ],
    "IndustrialD11": [ 5, 56.8499055, 53.2062584 ],
    "IndustrialD12": [ 5, 56.8409712, 53.2075982 ],
    "IndustrialD13": [ 5, 56.8437264, 53.2076945 ]
  }
}
