{
  "title": "Ижевск",
  "version": "1.0",
  "osmid": 954515,
  "center": [ 56.852676, 53.206900 ],
  "markers": {
    "e385b882-362c-43b9-bf4b-e409f80b7aad": [ 7, 56.872254791351, 53.164190365505 ],
    "cc07d688-c5f4-48ef-9aa8-d9a203b830f0": [ 7, 56.879465589708, 53.168361277632 ],
    "725ed945-8f04-437c-87ba-13e7bd593d62": [ 5, 56.878867425819, 53.171957102281 ],
    "a18ee014-f78d-44b4-85a7-6460acc2de9e": [ 5, 56.873121546756, 53.172127919283 ],
    "00e24cb1-58c9-43eb-980e-bf2d76994e04": [ 7, 56.874591920024, 53.176091820058 ],
    "5dc4483b-3557-43ab-85cb-2f5bb791ffbf": [ 5, 56.868475161188, 53.165722826195 ],
    "3cf2c458-dae7-4006-bc78-0ae3df3ed197": [ 7, 56.864973425521, 53.17188560588 ],
    "1be3183e-61c5-48bd-a6fb-f884c0eb4038": [ 5, 56.863428742751, 53.177024238659 ],
    "a167baee-9286-4667-bd64-187593189036": [ 7, 56.86984563533, 53.157933101571 ],
    "0bb986b4-b303-4c7d-a2f5-e4242364d7dd": [ 5, 56.859645191274, 53.169560076798 ],
    "3a955b31-a011-4ce8-944f-6375e96f8925": [ 5, 56.862556363447, 53.153442369938 ],
    "7bee0704-92bd-4fb5-a6ab-c8355b76df08": [ 7, 56.861639934456, 53.18573660474 ],
    "5d405609-ceb0-4b35-863a-3640b350b2d8": [ 5, 56.856163087864, 53.167986847678 ],
    "06e6e145-8169-4284-a3b4-23f742189435": [ 7, 56.854382832908, 53.171375277908 ],
    "a8e3933a-e001-41b6-83e2-3e47db8cbdd9": [ 7, 56.854518709702, 53.181006195088 ],
    "78bb61b0-2916-4805-8ce0-342a13ba9cf5": [ 7, 56.854645286358, 53.187248711401 ],
    "f46af58e-019e-43a9-9d16-3c0377a42036": [ 5, 56.853736292185, 53.179809562112 ],
    "b8bc2a55-1ba1-46a0-b4fb-724fb47f87c1": [ 5, 56.852569434915, 53.177326611224 ],
    "db0bd56f-7eca-4f60-a2cd-a7f17ca39b6b": [ 5, 56.858096006359, 53.161266195337 ],
    "91944471-552e-4e27-a447-53c1ced83e5a": [ 5, 56.861707327652, 53.192370111126 ],
    "d7e8ef5c-ea6c-4774-8d5b-8edf3e04a110": [ 5, 56.875306099706, 53.185305890067 ],
    "74bb3095-fc45-42f6-a397-60e64885fb8f": [ 5, 56.87660019352, 53.189069122997 ],
    "c985582e-ba71-4b1c-b8b3-3ccc8c578886": [ 5, 56.878657913955, 53.184095265212 ],
    "6374f75f-798b-460b-b83b-06698dc851ba": [ 14, 56.879439197183, 53.189466975528 ],
    "fc000bc0-3bed-4085-8a56-92f99d77b256": [ 5, 56.882024501126, 53.182821815013 ],
    "b5f4d4e9-4a3c-4ca7-b275-babac127b3d3": [ 5, 56.877100136452, 53.191627092014 ],
    "a6f0137f-08db-4b75-8190-3e05506947e0": [ 5, 56.874300882176, 53.192646553811 ],
    "3774af18-d978-4074-b5fc-37f94b921cd6": [ 5, 56.880601812285, 53.195737755218 ],
    "996ceedd-4d30-41dd-bcff-199e66d67af3": [ 7, 56.876426870304, 53.198295820653 ],
    "f363ba40-5290-4e47-ba49-96df57053d75": [ 5, 56.882708357056, 53.191617944939 ],
    "da23eedc-4e4c-4778-abce-b1e9af7751c7": [ 7, 56.886636357714, 53.187877285382 ],
    "c33f77ba-ee15-4be2-bc99-b798d24bc671": [ 5, 56.886992627878, 53.200064161566 ],
    "82f2880a-5e75-4886-be83-728a2076bacd": [ 5, 56.870359642736, 53.194483330508 ],
    "1578d380-97f6-4227-8580-5b46695bcdaf": [ 5, 56.868168366517, 53.198394996212 ],
    "bd471300-5aa9-49dc-a50d-19ff834c25b8": [ 5, 56.86646173911, 53.195091807498 ],
    "dbee7982-9f74-4d53-afe8-12ddf646e65b": [ 5, 56.857596267993, 53.205244607105 ],
    "5cb96da2-1113-47e3-8d71-9b659ef522a5": [ 5, 56.872175990443, 53.212157992808 ],
    "7fabef23-1dde-4e94-af2b-aa25ee3d89a1": [ 5, 56.874471070669, 53.2142442853 ],
    "7b8e8042-b25e-41bc-99c9-539450a1ccba": [ 7, 56.874106793344, 53.216080474939 ],
    "fdf84689-9b84-4423-8a7f-66980a02f9dd": [ 7, 56.866723308211, 53.216609018181 ],
    "845f792b-b4db-46d5-96e8-3d80b7759fde": [ 5, 56.878001720103, 53.209424479736 ],
    "e7c56598-050a-4b9d-8784-22f0d123cac3": [ 14, 56.881055579476, 53.207900588669 ],
    "1b7ad51d-8fae-4c88-bace-9c08f2421576": [ 5, 56.880806840263, 53.216154516399 ],
    "9404146c-9d45-46f5-876c-832c566d5537": [ 7, 56.873304108691, 53.219139338452 ],
    "a1ed31c0-96de-468f-83c4-123530a1f1dc": [ 5, 56.88139753724, 53.227042855434 ],
    "45d77609-e760-4355-b364-fce37355960d": [ 5, 56.876200207899, 53.227049788396 ],
    "f8169f10-cc11-4333-bcb3-477be61bd747": [ 5, 56.881345047039, 53.227442356116 ],
    "bcf6f8a2-e295-41b4-ba32-ec3e45bb1c47": [ 7, 56.871566731212, 53.228998630161 ],
    "3df6bdf7-859f-4b70-b074-5a57946de518": [ 5, 56.866626175749, 53.221474965222 ],
    "38d68943-9c2a-4b0d-a7a7-2a7d81db1aca": [ 5, 56.862763730898, 53.228584890314 ],
    "6d43454b-ec7f-4f8b-888a-7b3183fce1ba": [ 7, 56.861051280157, 53.222915343367 ],
    "1f9475eb-19d0-4d7a-b590-bde22b773788": [ 5, 56.855800866258, 53.228733689376 ],
    "a909f9ce-e715-43df-b27b-3ffe53a72cb2": [ 5, 56.852129227946, 53.188691401748 ],
    "5a2634c9-b4bb-4e69-8d15-a41cdff47ff3": [ 5, 56.848554857425, 53.186575735271 ],
    "521cb283-9ca7-427e-92cc-a27f7608ab18": [ 5, 56.848382811974, 53.192018176742 ],
    "643ac8fe-63b5-453a-8e4b-f6d3e761ee9f": [ 5, 56.849697558267, 53.20657280959 ],
    "6adc5be2-5e0e-4547-88f3-47a8cb42313b": [ 5, 56.843601821378, 53.195269099944 ],
    "371b6c19-68e5-48d5-af00-d04d8d0dd9e4": [ 5, 56.843718388316, 53.207642128542 ],
    "c5b5f1ff-c17a-479b-ba34-48e95329999f": [ 5, 56.841113060102, 53.19918346769 ],
    "6cb14652-ab49-443d-b12e-d8284fb6ef8d": [ 5, 56.842148238858, 53.184719163488 ],
    "dc35faef-2e32-484d-9822-bc525f1fb603": [ 5, 56.838011616803, 53.204655387164 ],
    "0021ec41-1fea-4b9a-b7cf-24aa581e4a8b": [ 5, 56.841264231458, 53.208602020552 ],
    "5b43ef5a-ce58-436b-a8e9-ab97c470ef10": [ 5, 56.849961355283, 53.2111354159 ],
    "cd6c4bb7-e782-4b6c-aa7d-174beafced46": [ 5, 56.847259899808, 53.214586229239 ],
    "265d1742-0977-4f4c-9384-820b70fce16a": [ 5, 56.847312348396, 53.219941786384 ],
    "f8870bad-81a7-47af-b92c-0aa5f5a36e29": [ 14, 56.851882378556, 53.217816464513 ],
    "08306247-8817-49f1-8ff4-bc8192e08709": [ 7, 56.854426056064, 53.225327178305 ],
    "3fd59f4f-e6ae-4c71-b7db-746c56886d0a": [ 5, 56.853593195231, 53.226957354267 ],
    "40a00998-a435-4b00-b148-e001878ca31d": [ 7, 56.851164563846, 53.227422687845 ],
    "22f0c32c-5bbc-4527-a85c-1701b54e550d": [ 7, 56.851443299673, 53.229187628195 ],
    "d3737b7e-2289-42e3-93cc-423e677de35b": [ 7, 56.85411909662, 53.232752889077 ],
    "85275419-9a44-4359-a688-a7bbb7d3df85": [ 5, 56.844943765145, 53.231264772397 ],
    "756ab75a-4dbe-41c3-b075-2cfdd6be103c": [ 5, 56.842790745085, 53.228122955479 ],
    "c9190464-4455-435d-b138-4f7d1210aada": [ 14, 56.842190596663, 53.233102560206 ],
    "1617e3e7-c19a-4b11-aedd-61291f8cb4f4": [ 7, 56.833460301516, 53.230637436826 ],
    "d79ffa73-5514-46b7-8e9d-c6fd5107e233": [ 5, 56.835830103102, 53.237822093698 ],
    "cfc2eb0a-23cc-4aaa-968d-93c21b3bdc5c": [ 7, 56.83589950602, 53.240856829288 ],
    "bfdb8001-1cea-42ec-b46b-5a934f03bf72": [ 5, 56.835895957308, 53.216326761938 ],
    "5345dfb3-55a8-4e9a-a405-fd4be1bb1e44": [ 5, 56.832900026284, 53.224958340355 ],
    "fc0c28e9-67ba-4ff7-b66e-c9bed2684ae7": [ 5, 56.836728474488, 53.197848927387 ],
    "9c83938d-1257-4a16-b589-cb812cdc5b79": [ 5, 56.848338567497, 53.181277649398 ],
    "3f497cde-d64e-4975-bd47-218813a4545e": [ 5, 56.842311027419, 53.174705925065 ],
    "21b5d1f6-f473-4870-a2b2-cf47f37043cf": [ 7, 56.845080656153, 53.170772210214 ],
    "61176799-56dd-44e2-8a13-2af59b7c0fd6": [ 5, 56.850739066979, 53.167493428745 ],
    "026d25e5-a57c-4cde-b021-6e2de0d343ec": [ 5, 56.839583074826, 53.161621761865 ],
    "b7ecbeae-9031-42de-a95a-13ae789b189b": [ 5, 56.84420847751, 53.161693111491 ],
    "3b2c1528-2d3d-446e-8837-5f53b5bd6f52": [ 7, 56.848083631918, 53.151977875932 ],
    "a63353a5-c21d-455b-bb02-307975ca3aee": [ 5, 56.836288563522, 53.163479827047 ],
    "175951ed-8dae-4499-aceb-12abb9930c89": [ 5, 56.83074566389, 53.162468862897 ],
    "b62019fb-ab55-4931-becb-6cb38a820282": [ 7, 56.833434807841, 53.147032340546 ],
    "d5461446-af2d-4cff-b18b-7f599672dd22": [ 5, 56.839009743264, 53.134642516953 ],
    "2fa32a15-e914-4c32-a634-86f107249f62": [ 5, 56.837405653819, 53.133461481077 ],