{
  "title": "Ижевск",
  "version": "1.0",
  "osmid": 954515,
  "center": [ 56.852676, 53.206900 ],
  "markers": {
    "IndustrialD01": [ 5, 56.900776, 53.245694 ],
    "IndustrialD02": [ 5, 56.901122, 53.255814 ],
    "IndustrialD03": [ 5, 56.899651, 53.260750 ],
    "IndustrialD04": [ 5, 56.897045, 53.256830 ],
    "IndustrialD05": [ 5, 56.891737, 53.259928 ],
    "IndustrialD06": [ 5, 56.891928, 53.243347 ],
    "IndustrialD08": [ 5, 56.895916, 53.275568 ],
    "IndustrialD09": [ 5, 56.888459, 53.266613 ],
    "IndustrialD10": [ 5, 56.899369, 53.2723363 ],
    "IndustrialD11": [ 5, 56.897045, 53.256830 ],
    "IndustrialD12": [ 5, 56.901266, 53.277398 ],
    "IndustrialD13": [ 5, 56.896837, 53.287292 ],
    "IndustrialD14": [ 5, 56.894571, 53.288662 ],
    "IndustrialD15": [ 5, 56.895759, 53.292371 ],
    "IndustrialD16": [ 5, 56.890203, 53.300141 ],
    "IndustrialD17": [ 5, 56.898697, 53.301049 ],
    "IndustrialD18": [ 5, 56.899073, 53.296162 ],
    "IndustrialD19": [ 5, 56.901489, 53.311914 ],
    "IndustrialD20": [ 5, 56.900387, 53.316046 ],
    "IndustrialD21": [ 5, 56.896850, 53.314445 ],
    "IndustrialD22": [ 5, 56.907064, 53.332540 ],
    "IndustrialD23": [ 5, 56.900946, 53.343487 ],
    "IndustrialD24": [ 5, 56.909884, 53.347749 ],
    "IndustrialD25": [ 5, 56.903080, 53.355985 ],
    "IndustrialD26": [ 5, 56.915136, 53.3588151 ],
    "IndustrialD27": [ 5, 56.915204, 53.365374 ],
    "IndustrialD28": [ 5, 56.915351, 53.394370 ],
    "IndustrialD29": [ 5, 56.911928, 53.382925 ],
    "?CentralD01": [ 5, 56.8472461, 53.2200154 ],
    "?CentralD02": [ 5, 56.8465932, 53.2147720 ],
    "?CentralD03": [ 5, 56.8502139, 53.2100899 ],
    "?CentralD04": [ 5, 56.8499055, 53.2062584 ],
    "?CentralD05": [ 5, 56.8409712, 53.2075982 ],
    "?CentralD06": [ 5, 56.8437264, 53.2076945 ],
    "CentralD07": [ 5, 56.843757, 53.195583 ],
    "CentralD08": [ 5, 56.848385, 53.191377 ],
    "CentralD09": [ 5, 56.852255, 53.188602 ],
    "CentralD10": [ 5, 56.848365, 53.187658 ],
    "CentralD11": [ 5, 56.857626, 53.205449 ],
    "CentralD12": [ 5, 56.861733, 53.192375 ],
    "CentralD13": [ 5, 56.866502, 53.195353 ],
    "CentralDD13": [ 5, 56.868152, 53.198515 ],
    "CentralD14": [ 5, 56.877982, 53.209516 ],
    "CentralD15": [ 5, 56.880830, 53.195569 ],
    "CentralD16": [ 5, 56.882676, 53.191033 ],
    "CentralD17": [ 5, 56.882223, 53.182928 ],
    "CentralD18": [ 5, 56.878802, 53.183793 ],
    "CentralD19": [ 5, 56.875470, 53.185344 ],
    "CentralD20": [ 5, 56.876701, 53.189090 ],
    "CentralD21": [ 5, 56.877063, 53.192446 ],
    "CentralD22": [ 5, 56.874375, 53.192920 ],
    "CentralD23": [ 5, 56.870308, 53.194566 ],
    "CentralD24": [ 5, 56.873111, 53.172346 ],
    "CentralD25": [ 5, 56.863496, 53.176919 ],
    "CentralD26": [ 5, 56.859845, 53.169665 ],
    "CentralD27": [ 5, 56.856433, 53.168256 ],
    "CentralD28": [ 5, 56.853855, 53.180396 ],
    "CentralD29": [ 5, 56.853105, 53.177956 ],

  
    
    
    
  }
}
