{
  "title": "Казань",
  "version": "1.0",
  "osmid": 3437391,
  "center": [ 55.796127, 49.106414 ],
  "markers": {
    "Dang1": [ 5, 55.838678, 49.062792 ],
    "Dang2": [ 5, 55.838289, 49.056591 ],
    "Dang3": [ 5, 55.840562, 49.058731 ]
  }
}
