{
  "title": "Набережные Челны",
  "version": "1.0",
  "osmid": 3437417,
  "center": [ 55.741272, 52.403662 ],
  "markers": {
    "IndustrialID1": [ 5, 55.770952, 52.435058 ],
    "IndustrialID2": [ 5, 55.774703, 52.427620 ],
    "IndustrialID3": [ 5, 55.767003, 52.424451 ],
    "IndustrialID4": [ 5, 55.764605, 52.431805 ],
    "IndustrialID5": [ 5, 55.766729, 52.424727 ]
  }
}
