{
  "title": "Набережные Челны",
  "version": "1.0",
  "osmid": 3437417,
  "center": [ 55.741272, 52.403662 ],
  "markers": {
    "IndustrialID01": [ 5, 55.770952, 52.435058 ],
    "IndustrialID02": [ 5, 55.774703, 52.427620 ],
    "IndustrialID03": [ 5, 55.767003, 52.424451 ],
    "IndustrialID04": [ 5, 55.764605, 52.431805 ],
    "IndustrialID05": [ 5, 55.766729, 52.424727 ],
    "IndustrialID06": [ 5, 55.769088, 52.417420 ],
    "IndustrialID07": [ 5, 55.766937, 52.424091 ],
    "IndustrialID08": [ 5, 55.766026, 52.425141 ],
    "IndustrialID09": [ 5, 55.763163, 52.442847 ],
    "IndustrialID10": [ 5, 55.776280, 52.438857 ],
    "IndustrialID11": [ 5, 55.760844, 52.417854 ],
    "IndustrialID12": [ 5, 55.766977, 52.418960 ]
  }
}
