{
  "title": "Рязань",
  "version": "1.0",
  "osmid": 1066115,
  "center": [ 54.629565, 39.741917 ],
  "markers": {
    "cd469c4a-222d-4e13-9dfd-071ae3ef586d": [ 5, 54.657321984668, 39.707393635534 ],
    "1e47d6c4-bb0d-4a67-80c8-f61b9b65dc95": [ 5, 54.660313219483, 39.707670123175 ],
    "9223a585-fc02-45cf-b3bf-1927d968bdb0": [ 5, 54.656270308174, 39.707807289797 ],
    "3511cacc-546c-472f-be37-e53f36b341b8": [ 7, 54.654276743121, 39.711044734782 ],
    "ad3d50ee-58fb-4dd8-9c23-22aa226c49ee": [ 5, 54.650143306913, 39.710504195397 ],
    "80d82d71-3046-4079-8b34-cf9d7aa9bb26": [ 5, 54.658960854751, 39.704823427597 ],
    "40abaa3c-9d3d-4cdf-8c7f-f74c41d29037": [ 5, 54.64916036158, 39.717545520697 ],
    "609b73e7-0932-4dd3-a8da-a00397e439f3": [ 5, 54.645714777597, 39.717017330969 ],
    "d4081419-e64a-4f42-8ac7-82f1248496b0": [ 5, 54.643196638104, 39.719097819886 ],
    "9b16e371-afc8-4319-8d95-4346e7dbb7a0": [ 5, 54.648394739247, 39.726013954128 ],
    "2f5c20cd-a80c-4270-8190-b88be7783cfc": [ 5, 54.640524680597, 39.716925474546 ],
    "e9563dcb-86e6-4c96-9bbb-051ee7caee10": [ 5, 54.640013394711, 39.722869458068 ],
    "f11b1946-0b14-4670-8f24-69356a7edd21": [ 5, 54.639530754667, 39.714663670332 ],
    "7d8cd750-9594-4923-bf9c-f281985ccfe4": [ 5, 54.639663421618, 39.721124401076 ],
    "a0517f53-bd37-4ad7-ad53-3ecb6f4abeb6": [ 5, 54.638355578693, 39.714704828261 ],
    "6aa5042c-2653-4534-912a-ca1d4216e630": [ 7, 54.637627662776, 39.715059370455 ],
    "d2c2fd10-1897-4e86-ba7c-4ad92576b016": [ 5, 54.63611001804, 39.724711342173 ],
    "d8566f7a-7db5-46b3-9a45-089324cf141f": [ 5, 54.635082655548, 39.714508763465 ],
    "b82fcb6e-8ef5-450f-a591-866314560bd8": [ 7, 54.63385850036, 39.712801357637 ],
    "9f9e6b0e-89c3-4bc2-9e6a-e0a42e80f68e": [ 5, 54.633099230983, 39.724786820726 ],
    "1cc329b1-f639-4f9f-97fb-385c8447e6ed": [ 5, 54.636167248327, 39.730878716516 ],
    "657fd251-b322-4abf-a49c-8c37981a57da": [ 5, 54.641218193347, 39.731089343657 ],
    "99cf0b65-2e9b-423f-b978-24946662e8b2": [ 14, 54.630857559675, 39.724930870581 ],
    "c418adb2-542e-4ee2-a7c9-2fc22c5ef028": [ 5, 54.634027357163, 39.734523085668 ],
    "27a5dcd0-9075-4b6e-ae00-5c4bc9227690": [ 5, 54.628177170183, 39.736580209931 ],
    "c36fb3a9-ae49-4a71-bcc2-d3cfe654d2f2": [ 7, 54.629820777425, 39.738252280799 ],
    "8d3e05ed-1f1b-40da-8010-39075eb53f95": [ 7, 54.634390348366, 39.747790993988 ],
    "31873839-e358-4fcf-827d-40f6e5ecd6a8": [ 7, 54.625995163969, 39.732897445611 ],
    "838e9473-ea67-4a7e-8da8-e74536b3d0d8": [ 5, 54.624819870364, 39.742360626107 ],
    "8f3132b2-af0a-4aca-9575-0258310e21ab": [ 7, 54.620809005156, 39.740773880713 ],
    "10ffd06d-6111-4304-bb0c-cda1b471edb7": [ 5, 54.620515919296, 39.744204746013 ],
    "12b574a9-b547-4b2c-aaea-abe7b7d79648": [ 7, 54.620074743175, 39.757534783959 ],
    "35c7a008-f260-48c5-b13e-ed75a9c930d8": [ 5, 54.619410338431, 39.747792993321 ],
    "4b388b91-182b-489d-bcc9-6e5f6330ac72": [ 5, 54.618675551566, 39.753777652946 ],
    "222c72c7-5217-45ec-85db-7001b5d66a1c": [ 5, 54.618229381886, 39.748283609857 ],
    "2367bd99-4711-4a3e-9e54-d3bfe392151b": [ 7, 54.622952245386, 39.763464678029 ],
    "e5ea32e9-2aca-4ca5-bef1-e93317c4c6b9": [ 7, 54.617613513882, 39.755240410325 ],
    "ec857aee-0975-4370-a4ba-ae840c5aeab3": [ 5, 54.615298118663, 39.754060931914 ],
    "821d4487-e671-474d-a629-8c959528e994": [ 5, 54.613079468116, 39.766626269007 ],
    "2cca6865-e94a-43ab-902e-2e5afb6ed7df": [ 5, 54.611136852658, 39.748995769568 ],
    "758fbf40-9d54-4f81-b171-6299772ab224": [ 14, 54.610570647676, 39.767561214068 ],
    "9c932320-925b-4012-8d90-674c49193794": [ 7, 54.609747890988, 39.758902464178 ],
    "2f2085c4-eb48-43d2-8ffc-63a4327fc8c4": [ 5, 54.607074715788, 39.763351545697 ],
    "f806a1dd-b6bc-413e-9ef3-dc18b72686d7": [ 7, 54.606052477772, 39.756085654818 ],
    "23595cca-3621-4b3f-b1e4-bbe8e0ce4ed2": [ 5, 54.606225063073, 39.767386373258 ],
    "714204b5-96a6-470e-8d5b-68c353a7b5f8": [ 7, 54.614022731305, 39.772663224751 ],
    "176ad859-9686-41d4-9799-2b3803625068": [ 5, 54.607750326491, 39.773086618592 ],
    "310e6304-ac52-4963-9c74-8e23a0429f30": [ 5, 54.602024301399, 39.760809939377 ],
    "1f57991c-86e9-415f-b52d-ee3f5d2e83d2": [ 5, 54.604590032447, 39.781639039182 ],
    "e0be0e3e-a3f5-453a-9205-5d30f0ed99e9": [ 5, 54.605131778121, 39.790094883754 ],
    "0f03679e-af74-4fad-80fd-18539d03b4b3": [ 5, 54.616599619885, 39.788419984627 ],
    "1c1d05a0-437e-4fbd-b520-c67d60b088d3": [ 7, 54.617511250692, 39.784051567707 ],
    "39a6190f-2c85-407f-a599-581c7ed9f142": [ 14, 54.608084721572, 39.792566133022 ],
    "dc4f6574-b180-4a7e-bb55-b1bf6d6a42c0": [ 10, 54.611887340745, 39.798309367727 ],
    "4d90e209-8831-4324-a2b5-13cec4e7eb02": [ 5, 54.62101920333, 39.797626856724 ],
    "7d09a43b-aa1b-43fc-91ed-8688063d8239": [ 7, 54.623490049915, 39.792517584057 ],
    "1569d71e-2105-42ed-b8de-4d8a25eb6878": [ 7, 54.624512373033, 39.783656211695 ],
    "d7454f0f-71da-45c2-ad63-bfcb6fefbf14": [ 7, 54.625348682673, 39.779443674921 ],
    "327059f7-1b35-4bd6-9405-80d1badaea66": [ 5, 54.622069428128, 39.769863688245 ],
    "f68cf60d-68fc-4bf3-8c0d-fb0ce74d48af": [ 5, 54.629282263887, 39.788937760818 ],
    "9e1b4093-350a-426e-a7ba-c5045eee323b": [ 5, 54.629491648966, 39.788987297364 ],
    "ab601e65-c136-4319-a79d-6c3b9084d81f": [ 7, 54.630144529302, 39.767686266403 ],
    "82d99fbd-62e1-41ab-a9a3-1d063aff7a90": [ 5, 54.633075228983, 39.77208018808 ],
    "349b226c-5b45-4250-aa24-a5c9755bb15b": [ 7, 54.633332811938, 39.762138342707 ],
    "8f99255e-e198-47d4-b888-5093774e3f84": [ 7, 54.635690146764, 39.772440940395 ],
    "c6608536-ef7f-4791-9481-8750cbeb6a25": [ 5, 54.624861129936, 39.731637366148 ],
    "a63b4eb4-827e-4e2e-a784-af5cb8f03e1c": [ 7, 54.626020489484, 39.726122663835 ],
    "c38b1b6b-4718-44bd-99bf-64ef3c8f5fb2": [ 5, 54.624456922006, 39.72234425664 ],
    "398de086-a180-4892-b9a5-879541242b5c": [ 7, 54.617070246081, 39.705512686619 ],
    "3f93cc6e-df75-48b5-a056-3c06a4d5cec5": [ 7, 54.617070750225, 39.710434465972 ],
    "f0bf72bc-a522-41f5-a591-a0e18917054a": [ 5, 54.626921470622, 39.695967605343 ],
    "9a257eb2-d000-4e75-b70b-d34a88699539": [ 7, 54.613422731032, 39.687328175728 ],
    "da1d5506-8eba-4e9d-8f85-dd3c3985a49d": [ 5, 54.616396375441, 39.684704585946 ],
    "70a30df4-8527-46c3-b5cb-02a2cfe68071": [ 5, 54.612297592976, 39.692301678469 ],
    "02c269dd-6b61-46aa-a866-4e687536a476": [ 7, 54.611356797482, 39.693319369458 ],
    "6ad839fe-8e0e-4bff-b831-abd518f6b843": [ 5, 54.610781616672, 39.685096810809 ],
    "1191d84f-a661-444f-acf3-37661c67ef69": [ 14, 54.608255238052, 39.698034042328 ],
    "bc47c42c-bc15-4594-b87c-602e9da7c4d3": [ 5, 54.60768716044, 39.703634332715 ],
    "e3e49a42-66d8-41ff-b4cc-58bed1cbe5d4": [ 5, 54.60998566074, 39.712364140066 ],
    "96f2cd22-6055-4cdc-96a1-44660646b47a": [ 5, 54.607191178341, 39.704392882075 ],
    "f320a928-c580-42d8-8d27-a4f52bdf96b1": [ 5, 54.612087913257, 39.715242220413 ],
    "2d6ca4ed-a982-48f5-9837-956ee99acef6": [ 5, 54.614161705696, 39.716232019707 ],
    "ad6f0a72-e186-49ca-97de-e20c36eb1127": [ 7, 54.611537064909, 39.718961874991 ],
    "9690d0f9-c8ce-4bc2-9c8c-304dc7a84699": [ 7, 54.608896612319, 39.719359614594 ],
    "1308d982-4157-4d34-bbf4-b7267258a994": [ 5, 54.613469419288, 39.725189938866 ],
    "9760ac04-5d77-4bbd-b120-508dbbdfd3b7": [ 5, 54.610928292096, 39.726213960271 ],
    "10defdf3-4f3d-4a5e-9f5c-0917068052db": [ 7, 54.611464051003, 39.72805949819 ],
    "dab07627-d25c-4c03-968f-d054db962d81": [ 5, 54.610483071259, 39.729130696592 ],
    "6080f0fb-5239-45a0-864b-1716b6df4f3d": [ 5, 54.604956807453, 39.727753114268 ],
    "8a1c241c-9a8a-4fe4-a6ba-ce15dd050c04": [ 5, 54.601370213306, 39.732167195784 ],
    "539d1f5b-872d-485a-b291-32593e32a397": [ 7, 54.600528967204, 39.729353374388 ],
    "daced681-2bca-45b4-8f33-5664df63dd69": [ 7, 54.606476856915, 39.742611753678 ],