{
  "title": "Севастополь",
  "version": "1.0",
  "osmid": 3030976,
  "center": [ 44.616495, 33.525135 ],
  "markers": {
    "objId-1": [ 10, 44.6164, 33.5268 ],
    "objId-2": [ 5, 44.6129, 33.5284 ],
    "objId-3": [ 5, 44.6124, 33.5285 ],
    "objId-4": [ 5, 44.5854, 33.4477 ]
  }
}
