{
  "title": "Севастополь",
  "version": "1.0",
  "osmid": 3030976,
  "center": [ 44.616495, 33.525135 ],
  "markers": {
    "area1-d1": [ 5, 44.6056, 33.4537 ],
    "area1-d2": [ 5, 44.6059, 33.4510 ],
    "area1-d3": [ 5, 44.6090, 33.4524 ],
    "area1-d4": [ 5, 44.6099, 33.4533 ],
    "area1-d5": [ 5, 44.6090, 33.4524 ],
    "area1-d6": [ 5, 44.6088, 33.4542 ],
    "area1-d7": [ 5, 44.6083, 33.4582 ],
    "area1-d8": [ 5, 44.6103, 33.4623 ],
    "area1-d9": [ 5, 44.6116, 33.4608 ],
    "area1-d10": [ 5, 44.6140, 33.4670 ],
    "area1-d11": [ 5, 44.6011, 33.4652 ],
    "area1-d12": [ 5, 44.6023, 33.4669 ],
    "area2-d13": [ 5, 44.5938, 33.4624 ],
    "area2-d2": [ 5, 44.5918, 33.4649 ],
    "area2-d3": [ 5, 44.5892, 33.4638 ],
    "area2-d4": [ 5, 44.5871, 33.4674 ]
  }
}
