{
  "title": "Ярославль",
  "version": "1.0",
  "center": [ 57.6263877, 39.8933705 ],
  "markers": {
    "79b00733-7e2e-4fdb-b024-b930f3223aea": [ 5, 57.642807611588, 39.953032831449 ],
    "a260918a-9d53-402c-8b97-de0e8edf58b2": [ 5, 57.644825616475, 39.955569830925 ],
    "115cfa07-595e-4d4e-b525-c90480a05f4f": [ 5, 57.647166943942, 39.96246743298 ],
    "529d0450-e018-4005-a780-1408031730bb": [ 5, 57.646236010969, 39.964013518048 ],
    "3b0f6798-bbf2-4e80-8655-140c881d2791": [ 5, 57.644251528303, 39.967907318684 ],
    "3c70b6a8-adef-4d79-a58c-ce2b26dc9075": [ 7, 57.640025818049, 39.972346686705 ],
    "5f8a87b2-f3b1-4db8-8291-da5af26cf004": [ 5, 57.637163369694, 39.970082252199 ],
    "12cf3c69-e690-4072-aa70-1030da7a95c8": [ 5, 57.633646160564, 39.979798071179 ],
    "b63dc254-a6d0-4464-b74b-9a32b5bb78f2": [ 7, 57.63593490991, 39.9936821803 ],
    "309ecaf5-f86b-43c1-a142-ab84e731698f": [ 14, 57.633279322292, 39.994536012979 ],
    "ec37507a-2ca0-4b28-a1c7-ce826f46d789": [ 7, 57.634214248804, 39.950137653206 ],
    "bd592d12-a733-43d9-a637-d65501545e83": [ 5, 57.644933823438, 39.946117586795 ],
    "281a67ed-69a2-448b-8e17-0e1fa6f963f8": [ 5, 57.636367413185, 39.936116515625 ],
    "c815c3ee-5f06-4bed-863d-57ca9914c6a7": [ 14, 57.63279748318, 39.931607728114 ],
    "7538f93d-72d3-4e75-828c-76c09e0f4200": [ 5, 57.628867305508, 39.938218404615 ],
    "f785913b-0a6f-48d9-8c1d-a2aec7ca537b": [ 5, 57.623622475591, 39.928678591688 ],
    "ea932c8b-6aee-4187-b6a5-828b2492525c": [ 7, 57.622519961643, 39.926300703333 ],
    "b7e70c7b-5443-4c51-8a62-e8c921077c3e": [ 5, 57.632992129798, 39.921980359051 ],
    "7b10b4fe-0837-42ad-bdae-c74ec58b31f1": [ 5, 57.636765541734, 39.915173584388 ],
    "e9aedc50-cc57-4069-9aec-8c5a9d971b82": [ 5, 57.633833926521, 39.915577501257 ],
    "e429a85b-068a-45fb-a1ee-f31bb9b0224f": [ 5, 57.63105550648, 39.909578754512 ],
    "3c20e7f8-d653-4a5b-87ae-b7acf720bf38": [ 5, 57.640622529938, 39.907209028918 ],
    "4d6cb6bd-b365-4fe6-accf-073b7dd30b6f": [ 7, 57.62610442536, 39.915491565923 ],
    "0a3a630c-669e-4718-9087-bfcf5cccdfeb": [ 7, 57.624251384432, 39.908781755133 ],
    "fc844518-1ded-4f76-afc8-c6e627bc95f8": [ 7, 57.628620704044, 39.897179343497 ],
    "64734366-c431-4025-85a0-624abeaafec6": [ 5, 57.632693857328, 39.897891300066 ],
    "0940ec09-ef5d-4e2c-be5c-e51872cd9a0a": [ 5, 57.638667204669, 39.898727416212 ],
    "b2b1ba36-5d44-44c3-89d4-4630212eac29": [ 5, 57.63746391809, 39.898751440324 ],
    "2d35bb71-c7c0-4d28-b6ec-3189c23f3417": [ 5, 57.640090682426, 39.893402808121 ],
    "fe9cc2fd-6f0d-41ba-b61d-25da9ca9e8ac": [ 7, 57.632685400763, 39.891923852172 ],
    "664b0903-1bc0-4c3c-9006-d888aa9e5333": [ 5, 57.642557135452, 39.902510945804 ],
    "8fc4af85-8c44-4710-95dd-88863dcb60ec": [ 7, 57.64532448529, 39.90749789547 ],
    "5a62fed6-4996-4deb-8a7a-7846568b9020": [ 7, 57.647302971776, 39.908130414597 ],
    "774061c0-37cc-4d62-9b37-ebfca9743049": [ 5, 57.631290704803, 39.885660338259 ],
    "9c53a913-82e5-4cb1-9b61-2e509a743971": [ 7, 57.624991881284, 39.88188094389 ],
    "84e9cabd-6553-4ef1-b882-791d9184387b": [ 10, 57.628065072016, 39.88508046364 ],
    "62e49371-6944-4227-bdea-596e777df0a5": [ 5, 57.622529099948, 39.89087787802 ],
    "80560136-7dc7-4bdc-a850-daa167219b4d": [ 7, 57.626348443937, 39.89786345856 ],
    "71790b34-469f-4ca9-b8f3-c099ef7b8d68": [ 5, 57.620780780783, 39.888236053028 ],
    "c05e42a8-c185-4bdf-862f-d3019d93a2ae": [ 5, 57.620125685475, 39.889834071925 ],
    "abec1efe-6fcc-4444-9ac4-dc7b5a84cc00": [ 5, 57.61724352065, 39.898456392899 ],
    "7f8a408e-7e94-4ca2-826a-59f795b34283": [ 7, 57.618218845761, 39.905098443431 ],
    "0c492751-ce39-4496-80e2-6c39def74fda": [ 5, 57.615855395371, 39.885199674254 ],
    "627ba274-4910-451b-bf33-eae8f1e611c9": [ 5, 57.624951246965, 39.873801515709 ],
    "a9fdc645-a2cd-4c13-931a-df16d8ae0468": [ 5, 57.621055638941, 39.874626897787 ],
    "227975f4-40b2-4724-905b-9f8697d9d8c1": [ 5, 57.620782173658, 39.878617436478 ],
    "0f744c7c-3695-488c-ba7e-415732b6511e": [ 5, 57.618570661309, 39.858874859452 ],
    "1bb03c27-2e71-4eab-b792-f8009f0071dd": [ 7, 57.623223010934, 39.856201386518 ],
    "82f5f9b5-ac31-490d-9d71-ca942665a94b": [ 5, 57.616151650236, 39.856837212511 ],
    "a82a139c-4e5e-42ee-91be-3cae8630b703": [ 7, 57.615162035991, 39.848643449498 ],
    "7672ea80-ccff-4ccf-b2b5-b9dcb5c51501": [ 7, 57.613156051295, 39.84953331128 ],
    "0714032b-f92f-46c3-bfac-1348c259cfe8": [ 5, 57.621252787044, 39.851774953458 ],
    "7a28c775-a414-4c83-b1b2-5366b6983a0e": [ 5, 57.619563631859, 39.855913753738 ],
    "f90f8429-2a50-4ea1-b88b-a436656de2bf": [ 7, 57.616769859725, 39.84778626065 ],
    "e9b28470-ef0d-4967-820f-776256352332": [ 5, 57.614385622377, 39.844836425533 ],
    "97b1d870-fa31-4348-9584-cddcdb70ae26": [ 5, 57.615233444411, 39.840594132809 ],
    "75682aba-714c-4601-923f-ce69a46691ac": [ 7, 57.619122915764, 39.839530143588 ],
    "915867b2-f635-4c89-a6a1-268b45e33c68": [ 5, 57.623758759165, 39.82930670097 ],
    "b0204608-e6ff-4f4d-b873-2bcfa4aa5b35": [ 5, 57.622904340378, 39.834215342799 ],
    "3540400e-4d45-4f96-8e0f-7169d67dfacc": [ 5, 57.626396021178, 39.837049188037 ],
    "f6bd1ad7-b749-4d95-aed5-9a221352eb2a": [ 5, 57.626316392467, 39.837051757047 ],
    "f2894691-ff62-40e8-a1dd-cbf7f15d7f24": [ 7, 57.630026040693, 39.838161650681 ],
    "3bcf9775-f32c-4284-87e0-6a19d6d67541": [ 5, 57.63311519625, 39.841546595968 ],
    "bf745567-b672-41a0-8fc7-d9c7b233bf44": [ 7, 57.62532232037, 39.844437669098 ],
    "4a5c5fa6-677c-4b4e-badd-9f7ac93911d3": [ 5, 57.621640830628, 39.844793990479 ],
    "72e77257-6c07-49c7-bb68-0e0b6d6cd776": [ 7, 57.634784434132, 39.841148593805 ],
    "44a57a62-a665-477f-a13f-64f2573e236b": [ 5, 57.628183361753, 39.850369501795 ],
    "234bb870-1503-4725-98a9-4244be5493fc": [ 5, 57.627743423987, 39.85679963101 ],
    "de79ffc6-79a5-4cc6-b3f9-e44aa62a5fa5": [ 5, 57.633922276412, 39.857340229968 ],
    "24d05753-613d-4377-bcea-d1c488b220d9": [ 5, 57.636931589709, 39.860864359306 ],
    "e05b4deb-aac6-4771-8cc9-40fc339b9f2c": [ 7, 57.633579740294, 39.865567525526 ],
    "0778862a-7d17-4f66-8089-19007b673a2e": [ 5, 57.639461493702, 39.850152437466 ],
    "d83c11ea-3dc6-47f1-97b6-5b04adea156f": [ 7, 57.639260708443, 39.859764911329 ],
    "6dbb9bec-03e3-4688-9260-55ee3b4be790": [ 7, 57.629059438305, 39.877535782966 ],
    "89155994-2f9a-4a21-b0ef-0a07ed11fb83": [ 7, 57.632889721025, 39.87809578984 ],
    "ef132620-e9e3-4804-bb30-d9313b321a12": [ 7, 57.633940738401, 39.878202065524 ],
    "e82cee30-9031-45f5-a1c2-27108a3b9262": [ 5, 57.640169601745, 39.86487441531 ],
    "6294b672-9368-48e1-ab47-4986298f7306": [ 5, 57.640962480047, 39.868447012444 ],
    "4678655d-0132-485f-b07e-ef7dae73a1cc": [ 7, 57.642354499159, 39.874923917772 ],
    "84176c28-a058-46b1-adf5-7d2911ca923f": [ 5, 57.646268473583, 39.875247385762 ],
    "10e1d58d-2683-4e35-a821-b9e166948ebc": [ 5, 57.645669512917, 39.88014533898 ],
    "c275134c-b29f-46c6-b019-6a289c5ec098": [ 5, 57.636285557378, 39.884011135895 ],
    "bc759385-5d5d-4df6-bea3-ed62e0b347fc": [ 5, 57.64793721251, 39.866633224917 ],
    "b60f61c8-ad2a-40bc-88f3-32721643f6aa": [ 5, 57.648615149133, 39.874495618394 ],
    "6d0fdbfe-26dd-4f38-874d-9f20bf4347d2": [ 7, 57.648806974978, 39.880374527387 ],
    "d7879dec-d507-4d8f-9320-ff6c953bd4a3": [ 5, 57.648429856068, 39.884652733496 ],
    "47717026-759f-484f-81cc-c2b85c6acd22": [ 7, 57.647240446874, 39.886579285313 ],
    "4881310c-bedb-4e49-b283-37e38f6ca957": [ 5, 57.645592965125, 39.859640486168 ],
    "ce42f171-70d5-43a6-96f7-2ec59796c2eb": [ 5, 57.648315351932, 39.85276234102 ],
    "85c6ad35-1892-4e35-ad9a-f222399fe404": [ 7, 57.640349633942, 39.853837503817 ],
    "a2b66dc6-c77a-4fd9-9da2-463cab529a9c": [ 5, 57.649142153558, 39.848274421944 ],
    "e08e3f44-97ab-441c-8e1d-6d26fdf939e7": [ 5, 57.649158788196, 39.836334945496 ],
    "a65a7956-0b17-4518-8a0a-03c21998b708": [ 7, 57.63910788692, 39.832007089583 ],